"date,total_pnl,total_fees,num_trades,win_rate,net_pnl,classification,value,next_day_net_pnl,target"
"2023-05-01,0.0,0.0,3,0.0,0.0,Greed,63,-12.501455,0"
"2023-12-05,0.0,12.501455,9,0.0,-12.501455,Extreme Greed,75,-233.73556800000006,0"
"2023-12-14,-205.43473700000007,28.300831000000002,11,36.36363636363637,-233.73556800000006,Greed,72,-27.284522999999997,0"
"2023-12-15,-24.632033999999997,2.652489,2,0.0,-27.284522999999997,Greed,70,-3.8371890000000004,0"
"2023-12-16,0.0,3.8371890000000004,3,0.0,-3.8371890000000004,Greed,67,275.91328599999997,1"
"2023-12-17,304.982785,29.069499,14,50.0,275.91328599999997,Greed,73,-7.791045,0"
"2023-12-18,0.0,7.791045,2,0.0,-7.791045,Greed,65,977.6380160000001,1"
"2023-12-19,1000.5386120000001,22.900596,15,66.66666666666666,977.6380160000001,Greed,73,127.323095,1"
"2023-12-20,162.732282,35.409187,18,44.44444444444444,127.323095,Greed,74,505.902933,1"
"2023-12-21,537.211402,31.308469,49,53.06122448979592,505.902933,Greed,70,119.61410899999998,1"
"2023-12-22,141.832675,22.218566000000003,10,20.0,119.61410899999998,Greed,74,127.32714899999999,1"
"2023-12-23,146.936704,19.609555,13,61.53846153846154,127.32714899999999,Greed,70,907.881241,1"
"2023-12-24,1008.619956,100.738715,39,38.46153846153847,907.881241,Greed,71,-260.068473,0"
"2023-12-25,-245.081348,14.987124999999999,3,0.0,-260.068473,Greed,73,-747.7419739999999,0"
"2023-12-27,-704.8892269999999,42.852747,28,14.285714285714285,-747.7419739999999,Greed,73,-995.760176,0"
"2023-12-28,-970.730876,25.0293,23,0.0,-995.760176,Greed,73,366.53224199999994,1"
"2023-12-29,508.92214299999995,142.389901,50,30.0,366.53224199999994,Greed,65,179.361122,1"
"2023-12-30,354.998648,175.637526,52,44.230769230769226,179.361122,Greed,68,-195.591327,0"
"2024-01-01,-129.53146,66.059867,18,5.555555555555555,-195.591327,Greed,65,753.64194,1"
"2024-01-02,783.979116,30.337176,17,47.05882352941176,753.64194,Greed,71,767.3906959999999,1"
"2024-01-03,866.015507,98.624811,67,41.7910447761194,767.3906959999999,Greed,70,-92.551772,0"
"2024-01-04,-67.60364,24.948132,5,0.0,-92.551772,Greed,68,-261.844074,0"
"2024-01-05,164.141565,425.985639,66,19.696969696969695,-261.844074,Greed,72,60.95132200000002,1"
"2024-01-06,135.58166400000002,74.630342,22,45.45454545454545,60.95132200000002,Greed,70,-1097.893699,0"
"2024-01-07,-835.681235,262.212464,97,9.278350515463918,-1097.893699,Greed,71,-650.4875030000001,0"
"2024-01-08,-269.874439,380.613064,128,25.0,-650.4875030000001,Greed,71,-1030.362791,0"
"2024-01-09,-826.349863,204.012928,70,25.71428571428571,-1030.362791,Extreme Greed,76,-1951.136207,0"
"2024-01-10,-1517.091342,434.044865,193,21.243523316062177,-1951.136207,Greed,73,-239.95667199999997,0"
"2024-01-11,-164.08950099999998,75.867171,21,23.809523809523807,-239.95667199999997,Extreme Greed,76,-1974.9997509999998,0"
"2024-01-12,-1925.519024,49.480726999999995,7,0.0,-1974.9997509999998,Greed,71,140.20086799999999,1"
"2024-01-15,152.85358,12.652712,14,64.28571428571429,140.20086799999999,Neutral,52,-2316.490767,0"
"2024-01-16,-2299.171458,17.319309,9,33.33333333333333,-2316.490767,Greed,64,653.566505,1"
"2024-01-17,813.2741110000001,159.707606,53,20.754716981132077,653.566505,Greed,60,-23.724711,0"
"2024-01-18,68.93319,92.657901,46,6.521739130434782,-23.724711,Greed,63,-478.471103,0"
"2024-01-19,-385.419235,93.051868,48,12.5,-478.471103,Neutral,51,-414.09745300000003,0"
"2024-01-20,-146.57487000000003,267.522583,106,14.150943396226415,-414.09745300000003,Neutral,52,240.79871600000004,1"
"2024-01-21,266.58114600000005,25.78243,11,27.27272727272727,240.79871600000004,Greed,56,1308.162691,1"
"2024-01-22,1375.640959,67.478268,85,27.058823529411764,1308.162691,Greed,55,-454.96929999999975,0"
"2024-01-23,-369.2447299999998,85.72457,45,24.444444444444443,-454.96929999999975,Neutral,50,-3036.12491,0"
"2024-01-24,-2808.353815,227.771095,68,14.705882352941178,-3036.12491,Neutral,48,-3110.270917,0"
"2024-01-25,-3093.6293849999997,16.641532,6,0.0,-3110.270917,Neutral,52,89.755765,1"
"2024-01-26,90.2,0.444235,5,20.0,89.755765,Neutral,49,-2477.707544,0"
"2024-01-28,-2478.06972,-0.362176,11,0.0,-2477.707544,Neutral,54,383.299937,1"
"2024-01-29,486.562542,103.26260500000001,74,60.810810810810814,383.299937,Greed,55,-273.90700100000004,0"
"2024-01-30,-173.65419100000003,100.25281,49,10.204081632653061,-273.90700100000004,Greed,61,-2349.252292,0"
"2024-01-31,-799.840817,1549.411475,859,26.891734575087312,-2349.252292,Greed,60,-0.5020439999999999,0"
"2024-02-01,0.0,0.5020439999999999,6,0.0,-0.5020439999999999,Greed,63,364.853837,1"
"2024-02-02,456.423473,91.569636,42,30.952380952380953,364.853837,Greed,63,113.64683799999997,1"
"2024-02-03,223.30918699999998,109.662349,56,10.714285714285714,113.64683799999997,Greed,60,-2.902985000000008,0"
"2024-02-04,47.62389499999999,50.52688,35,25.71428571428571,-2.902985000000008,Greed,60,-199.00365900000003,0"
"2024-02-05,-33.45419400000003,165.549465,72,19.444444444444446,-199.00365900000003,Greed,60,-1204.222904,0"
"2024-02-06,-215.615907,988.606997,1088,16.452205882352942,-1204.222904,Greed,64,240.902427,1"
"2024-02-07,241.24212,0.339693,15,13.333333333333334,240.902427,Greed,62,767.753137,1"
"2024-02-08,770.756024,3.0028870000000003,10,40.0,767.753137,Greed,66,958.487884,1"
"2024-02-11,983.443176,24.955292,34,20.588235294117645,958.487884,Greed,71,886.7698759999998,1"
"2024-02-12,913.8817869999998,27.111911,16,37.5,886.7698759999998,Greed,70,559.483882,1"
"2024-02-13,559.44389,-0.039992,14,100.0,559.483882,Extreme Greed,79,3807.6823590000004,1"
"2024-02-14,3830.599833,22.917474000000002,111,74.77477477477478,3807.6823590000004,Greed,74,1810.09138,1"
"2024-02-15,1840.797677,30.706297,63,90.47619047619048,1810.09138,Greed,72,5464.543664000001,1"
"2024-02-16,5491.768834,27.22517,182,80.21978021978022,5464.543664000001,Greed,72,1867.586747,1"
"2024-02-17,1929.6418,62.055053,94,64.8936170212766,1867.586747,Extreme Greed,76,480.7657549999999,1"
"2024-02-18,477.6248299999999,-3.140925,97,62.88659793814433,480.7657549999999,Greed,72,4302.915943,1"
"2024-02-19,4317.768563,14.85262,101,76.23762376237624,4302.915943,Extreme Greed,75,3260.555149,1"
"2024-02-20,3263.628824,3.073675,39,79.48717948717949,3260.555149,Greed,72,1855.8279410000002,1"
"2024-02-21,1858.7985700000002,2.970629,22,68.18181818181817,1855.8279410000002,Extreme Greed,78,3868.6524899999995,1"
"2024-02-22,3894.1050699999996,25.45258,88,45.45454545454545,3868.6524899999995,Greed,74,1420.619999,1"
"2024-02-23,1418.55293,-2.067069,143,95.8041958041958,1420.619999,Extreme Greed,76,-30.680899999999998,0"
"2024-02-25,-30.7705,-0.0896,5,0.0,-30.680899999999998,Greed,74,4416.945025,1"
"2024-02-26,4416.8473,-0.09772499999999981,39,87.17948717948718,4416.945025,Greed,72,892.2733420000001,1"
"2024-02-27,888.511733,-3.761609,63,41.269841269841265,892.2733420000001,Extreme Greed,79,2505.124387,1"
"2024-02-28,2503.747235,-1.377152,45,86.66666666666667,2505.124387,Extreme Greed,82,9812.637907,1"
"2024-02-29,9813.996992,1.3590849999999999,116,86.20689655172413,9812.637907,Extreme Greed,80,8244.788263,1"
"2024-03-01,8244.241409,-0.546854,137,93.43065693430657,8244.788263,Extreme Greed,80,231.36972900000006,1"
"2024-03-02,230.90060000000005,-0.4691290000000001,31,67.74193548387096,231.36972900000006,Extreme Greed,80,8363.593348,1"
"2024-03-03,8361.086245,-2.507103,79,68.35443037974683,8363.593348,Extreme Greed,83,27800.335191000002,1"
"2024-03-04,27799.775742,-0.559449,300,88.66666666666667,27800.335191000002,Extreme Greed,82,19795.464500000002,1"
"2024-03-05,19791.026041,-4.438459,180,90.55555555555556,19795.464500000002,Extreme Greed,90,6818.1804569999995,1"
"2024-03-06,6814.825139,-3.355318,82,87.8048780487805,6818.1804569999995,Extreme Greed,75,4275.557865000001,1"
"2024-03-08,4271.886236,-3.6716290000000003,67,88.05970149253731,4275.557865000001,Extreme Greed,81,9947.649860000001,1"
"2024-03-09,9949.501624,1.8517640000000002,117,82.90598290598291,9947.649860000001,Extreme Greed,84,2480.646128,1"
"2024-03-10,2482.9272,2.281072,42,69.04761904761905,2480.646128,Extreme Greed,79,3579.706605,1"
"2024-03-11,3588.179495,8.47289,42,92.85714285714286,3579.706605,Extreme Greed,82,3034.2200470000002,1"
"2024-03-12,3039.166,4.945953,8,87.5,3034.2200470000002,Extreme Greed,81,-2.100278,0"
"2024-03-13,0.0,2.100278,7,0.0,-2.100278,Extreme Greed,81,3454.14904,1"
"2024-03-14,3465.865832,11.716792,18,88.88888888888889,3454.14904,Extreme Greed,88,6187.028648,1"
"2024-03-15,6236.513651,49.485003,62,66.12903225806451,6187.028648,Extreme Greed,83,218.05156,1"
"2024-03-16,228.57984,10.52828,8,12.5,218.05156,Extreme Greed,81,469.530626,1"
"2024-03-17,503.293955,33.763329,23,43.47826086956522,469.530626,Extreme Greed,79,1432.01442,1"
"2024-03-18,1456.9577,24.943279999999998,19,31.57894736842105,1432.01442,Extreme Greed,77,642.809661,1"
"2024-03-19,668.797973,25.988312,24,20.833333333333336,642.809661,Extreme Greed,79,6383.255761,1"
"2024-03-20,6423.134599,39.878838,69,86.95652173913044,6383.255761,Greed,74,2319.113325,1"
"2024-03-21,2335.5080749999997,16.394750000000002,28,82.14285714285714,2319.113325,Extreme Greed,78,1288.12964,1"
"2024-03-24,1297.018477,8.888837,19,78.94736842105263,1288.12964,Greed,74,1282.925716,1"
"2024-03-25,1302.916428,19.990712,7,85.71428571428571,1282.925716,Extreme Greed,75,3187.75919,1"
"2024-03-26,3215.906593,28.147402999999997,118,93.22033898305084,3187.75919,Extreme Greed,81,118.69318799999999,1"
"2024-03-27,150.41114,31.717952,38,31.57894736842105,118.69318799999999,Extreme Greed,83,218.791779,1"
"2024-03-28,227.85100799999998,9.059229,13,69.23076923076923,218.791779,Extreme Greed,80,852.677374,1"
"2024-03-29,883.097404,30.420029999999997,15,40.0,852.677374,Extreme Greed,79,1090.6356859999999,1"
"2024-03-30,1100.57514,9.939454,45,97.77777777777777,1090.6356859999999,Extreme Greed,75,898.816623,1"
"2024-03-31,912.786145,13.969522000000001,13,76.92307692307693,898.816623,Extreme Greed,75,2424.212044,1"
"2024-04-01,2507.963406,83.751362,77,54.54545454545454,2424.212044,Extreme Greed,79,803.628238,1"
"2024-04-02,883.760812,80.13257399999999,41,29.268292682926827,803.628238,Extreme Greed,79,125.12719899999999,1"
"2024-04-03,126.7884,1.661201,4,25.0,125.12719899999999,Greed,71,-33.595684999999996,0"
"2024-04-04,0.0,33.595684999999996,32,0.0,-33.595684999999996,Greed,70,10603.054168,1"
"2024-04-05,10706.484306,103.430138,100,90.0,10603.054168,Extreme Greed,79,212.45685699999999,1"
"2024-04-06,236.33513399999998,23.878277,16,25.0,212.45685699999999,Extreme Greed,75,-17.495845,0"
"2024-04-07,0.0,17.495845,23,0.0,-17.495845,Extreme Greed,78,1156.636152,1"
"2024-04-08,1218.4267,61.790548,30,3.3333333333333335,1156.636152,Extreme Greed,76,-19.972341,0"
"2024-04-09,0.0,19.972341,3,0.0,-19.972341,Extreme Greed,80,5084.335852,1"
"2024-04-10,5207.443414,123.107562,41,87.8048780487805,5084.335852,Extreme Greed,78,363.002835,1"
"2024-04-11,389.743164,26.740329,16,12.5,363.002835,Extreme Greed,76,-690.2067140000001,0"
"2024-04-12,-592.6458390000001,97.560875,129,55.03875968992248,-690.2067140000001,Extreme Greed,79,6502.452579,1"
"2024-04-13,6621.451755,118.999176,89,68.53932584269663,6502.452579,Greed,72,-36317.489924,0"
"2024-04-14,-36104.012520000004,213.477404,107,30.8411214953271,-36317.489924,Greed,72,3733.4381160000003,1"
"2024-04-15,3774.08872,40.650603999999994,41,85.36585365853658,3733.4381160000003,Greed,74,2449.244536,1"
"2024-04-16,2467.702221,18.457685,47,91.48936170212765,2449.244536,Greed,65,2430.847437,1"
"2024-04-17,2441.4683999999997,10.620963,14,92.85714285714286,2430.847437,Greed,67,1828.4052020000001,1"
"2024-04-19,1946.4454620000001,118.04025999999999,35,77.14285714285715,1828.4052020000001,Greed,66,-121.289047,0"
"2024-04-20,0.0,121.289047,22,0.0,-121.289047,Greed,66,-16.797764,0"
"2024-04-22,0.0,16.797764,9,0.0,-16.797764,Greed,73,1048.22772,1"
"2024-04-23,1119.536196,71.308476,66,53.03030303030303,1048.22772,Greed,71,229.739591,1"
"2024-04-24,279.185907,49.446315999999996,20,30.0,229.739591,Greed,72,-160.159512,0"
"2024-04-25,0.0,160.159512,74,0.0,-160.159512,Greed,72,-1.745898,0"
"2024-04-26,0.0,1.745898,3,0.0,-1.745898,Greed,70,4227.495589,1"
"2024-04-27,4281.488139,53.99255,27,70.37037037037037,4227.495589,Greed,67,-15.394946,0"
"2024-04-28,0.0,15.394946,58,0.0,-15.394946,Greed,65,488.88920599999994,1"
"2024-04-29,526.9338359999999,38.04463,45,37.77777777777778,488.88920599999994,Greed,67,-43.75655,0"
"2024-04-30,0.0,43.75655,24,0.0,-43.75655,Greed,67,-30.458908,0"
"2024-05-01,0.0,30.458908,14,0.0,-30.458908,Neutral,54,5207.106363999999,1"
"2024-05-03,5306.017045,98.910681,36,47.22222222222222,5207.106363999999,Neutral,48,-20.649559,0"
"2024-05-04,0.0,20.649559,9,0.0,-20.649559,Greed,67,-7.496777999999999,0"
"2024-05-05,0.916,8.412778,6,16.666666666666664,-7.496777999999999,Greed,69,896.484634,1"
"2024-05-06,968.59038,72.105746,9,44.44444444444444,896.484634,Greed,71,845.498632,1"
"2024-05-07,883.537693,38.039061,18,50.0,845.498632,Greed,68,-21.511066,0"
"2024-05-08,1.56576,23.076826,13,7.6923076923076925,-21.511066,Greed,64,1069.907724,1"
"2024-05-09,1147.595856,77.688132,28,39.285714285714285,1069.907724,Greed,55,2046.8330050000002,1"
"2024-05-10,2101.741695,54.90869,22,27.27272727272727,2046.8330050000002,Greed,66,229.467617,1"
"2024-05-11,251.604742,22.137125,9,100.0,229.467617,Neutral,53,-19.312829,0"
"2024-05-12,0.0,19.312829,23,0.0,-19.312829,Greed,56,2069.26226,1"
"2024-05-13,2136.853859,67.591599,28,35.714285714285715,2069.26226,Greed,57,1099.4746200000002,1"
"2024-05-14,1150.5233050000002,51.048685,23,17.391304347826086,1099.4746200000002,Greed,66,866.747695,1"
"2024-05-15,948.970582,82.222887,36,47.22222222222222,866.747695,Greed,64,157.67248,1"
"2024-05-16,214.5898,56.91732,27,18.51851851851852,157.67248,Greed,70,3478.1885690000004,1"
"2024-05-18,3522.3946610000003,44.206092,25,64.0,3478.1885690000004,Greed,73,-10.499327000000001,0"
"2024-05-19,0.0,10.499327000000001,8,0.0,-10.499327000000001,Greed,72,-88.162104,0"
"2024-05-20,-74.818442,13.343662,10,0.0,-88.162104,Greed,70,6904.0656279999985,1"
"2024-05-21,7289.397571999999,385.331944,125,11.200000000000001,6904.0656279999985,Extreme Greed,76,-15.748349000000001,0"
"2024-05-22,0.0,15.748349000000001,6,0.0,-15.748349000000001,Extreme Greed,76,299.91725,1"
"2024-05-23,413.347329,113.43007899999999,325,44.61538461538462,299.91725,Extreme Greed,76,804.165113,1"
"2024-05-24,821.949278,17.784165,2,100.0,804.165113,Greed,74,3.8791519999999977,1"
"2024-05-25,14.126038999999999,10.246887000000001,16,31.25,3.8791519999999977,Extreme Greed,76,759.915709,1"
"2024-05-26,778.6839,18.768190999999998,16,25.0,759.915709,Extreme Greed,75,1083.523404,1"
"2024-05-27,1129.35587,45.832466,251,35.85657370517929,1083.523404,Greed,74,240.91535399999998,1"
"2024-05-29,277.791953,36.876599,164,41.46341463414634,240.91535399999998,Greed,72,19.958107000000002,1"
"2024-05-30,20.951433,0.993326,7,71.42857142857143,19.958107000000002,Greed,73,24.085473999999998,1"
"2024-05-31,25.35812,1.272646,13,30.76923076923077,24.085473999999998,Greed,73,87.018313,1"
"2024-06-01,91.510419,4.492106,25,36.0,87.018313,Greed,72,185.114035,1"
"2024-06-02,192.906947,7.792912,93,36.55913978494624,185.114035,Greed,73,557.430122,1"
"2024-06-03,562.808208,5.378086,70,62.857142857142854,557.430122,Greed,73,44.778485,1"
"2024-06-04,52.211438,7.432953,53,47.16981132075472,44.778485,Greed,73,48.951446000000004,1"
"2024-06-05,56.055506,7.1040600000000005,54,29.629629629629626,48.951446000000004,Extreme Greed,75,237.09376299999997,1"
"2024-06-06,274.173187,37.079424,234,42.73504273504273,237.09376299999997,Extreme Greed,78,8529.504751999999,1"
"2024-06-07,8902.467416,372.962664,440,40.0,8529.504751999999,Extreme Greed,77,95.06570200000002,1"
"2024-06-08,129.13883900000002,34.073137,29,27.586206896551722,95.06570200000002,Greed,72,-7.515775,0"
"2024-06-09,0.0,7.515775,17,0.0,-7.515775,Extreme Greed,75,16.570476999999997,1"
"2024-06-10,31.266804999999998,14.696328000000001,53,33.9622641509434,16.570476999999997,Greed,72,4190.703598,1"
"2024-06-11,4320.631811,129.928213,123,13.821138211382115,4190.703598,Greed,74,-21950.45291,0"
"2024-06-12,-21886.531493,63.921417,254,8.267716535433072,-21950.45291,Greed,72,6599.357365000001,1"
"2024-06-13,6632.757115,33.39975,79,24.050632911392405,6599.357365000001,Greed,70,10219.638533,1"
"2024-06-14,10258.592609,38.954076,31,48.38709677419355,10219.638533,Greed,74,3118.535797,1"
"2024-06-15,3369.958346,251.422549,78,48.717948717948715,3118.535797,Greed,74,-8.832277,0"
"2024-06-16,0.0,8.832277,11,0.0,-8.832277,Greed,71,10470.56935,1"
"2024-06-17,10599.502375,128.93302500000001,38,65.78947368421053,10470.56935,Greed,71,215.41610200000002,1"
"2024-06-18,282.57636,67.160258,25,16.0,215.41610200000002,Greed,74,4748.805201,1"
"2024-06-19,4887.656944,138.851743,61,50.81967213114754,4748.805201,Greed,64,57464.986976,1"
"2024-06-20,57478.456026,13.46905,39,20.51282051282051,57464.986976,Greed,60,712.2811049999999,1"
"2024-06-21,773.5582039999999,61.277099,80,3.75,712.2811049999999,Greed,63,716.3431830000001,1"
"2024-06-22,756.876565,40.533382,24,33.33333333333333,716.3431830000001,Neutral,53,-0.17921199999999998,0"
"2024-06-23,0.0,0.17921199999999998,5,0.0,-0.17921199999999998,Greed,55,-103.551001,0"
"2024-06-24,0.0,103.551001,31,0.0,-103.551001,Neutral,51,4833.268454,1"
"2024-06-25,4869.353105,36.084651,49,22.448979591836736,4833.268454,Fear,30,4070.177882,1"
"2024-06-26,4197.732182,127.5543,72,29.166666666666668,4070.177882,Neutral,46,-45.556012,0"
"2024-06-27,0.0,45.556012,30,0.0,-45.556012,Fear,40,5690.030914,1"
"2024-06-29,6150.326145,460.295231,75,32.0,5690.030914,Fear,30,-17.057669,0"
"2024-06-30,0.0,17.057669,14,0.0,-17.057669,Neutral,47,4640.516283,1"
"2024-07-01,5065.839308,425.323025,64,40.625,4640.516283,Neutral,53,2409.794386,1"
"2024-07-02,2421.253116,11.458730000000001,18,72.22222222222221,2409.794386,Neutral,51,1055.7586019999999,1"
"2024-07-03,1118.387284,62.628682,18,22.22222222222222,1055.7586019999999,Neutral,50,-113.02464499999999,0"
"2024-07-04,0.0,113.02464499999999,25,0.0,-113.02464499999999,Fear,44,-95.130717,0"
"2024-07-05,0.0,95.130717,32,0.0,-95.130717,Fear,29,-235.481982,0"
"2024-07-06,108.87217799999999,344.35416,24,29.166666666666668,-235.481982,Fear,26,61.379067,1"
"2024-07-07,61.428942,0.049875,10,100.0,61.379067,Fear,29,-0.0156,0"
"2024-07-08,0.0,0.0156,1,0.0,-0.0156,Fear,28,648.586844,1"
"2024-07-09,648.984412,0.39756800000000003,15,100.0,648.586844,Fear,27,11736.969867,1"
"2024-07-10,11977.734907,240.76504,56,67.85714285714286,11736.969867,Fear,28,1817.351639,1"
"2024-07-11,1876.812082,59.460443,19,47.368421052631575,1817.351639,Fear,29,1380.960625,1"
"2024-07-12,1412.314654,31.354029,19,47.368421052631575,1380.960625,Fear,25,2864.9016269999997,1"
"2024-07-13,2913.617837,48.71621,17,100.0,2864.9016269999997,Fear,25,-29.400389,0"
"2024-07-14,0.0,29.400389,7,0.0,-29.400389,Fear,33,-69.995769,0"
"2024-07-15,-1.0,68.995769,26,0.0,-69.995769,Neutral,52,-50.400180999999996,0"
"2024-07-16,0.0,50.400180999999996,22,0.0,-50.400180999999996,Greed,65,1652.667564,1"
"2024-07-17,1859.269477,206.601913,351,41.31054131054131,1652.667564,Greed,69,3576.487647,1"
"2024-07-18,3803.884311,227.396664,60,80.0,3576.487647,Greed,61,2103.2968260000002,1"
"2024-07-19,2155.891114,52.594288,23,52.17391304347826,2103.2968260000002,Greed,60,2218.411148,1"
"2024-07-20,2299.169566,80.758418,266,12.406015037593985,2218.411148,Greed,74,-3025.440227,0"
"2024-07-21,-2960.716887,64.72334,448,4.6875,-3025.440227,Greed,74,1419.66034,1"
"2024-07-22,1517.119876,97.459536,154,14.285714285714285,1419.66034,Greed,70,89831.05907999999,1"
"2024-07-23,89890.302206,59.243126000000004,370,88.91891891891892,89831.05907999999,Greed,71,570.4942,1"
"2024-07-24,625.561479,55.067279,90,20.0,570.4942,Greed,69,692.5523440000001,1"
"2024-07-25,916.7382600000001,224.185916,78,12.82051282051282,692.5523440000001,Greed,68,2559.946098,1"
"2024-07-26,2766.513113,206.567015,152,40.131578947368425,2559.946098,Greed,68,6083.803762,1"
"2024-07-27,6400.623656,316.819894,57,73.68421052631578,6083.803762,Greed,72,572.159908,1"
"2024-07-28,587.29903,15.139122,16,75.0,572.159908,Greed,71,216.28476999999998,1"
"2024-07-29,330.80445399999996,114.519684,39,41.02564102564102,216.28476999999998,Greed,74,-12.602264,0"
"2024-07-30,0.0,12.602264,6,0.0,-12.602264,Greed,67,736.113617,1"
"2024-07-31,765.690884,29.577267000000003,43,32.55813953488372,736.113617,Greed,61,58.984981000000005,1"
"2024-08-01,167.080017,108.095036,57,7.017543859649122,58.984981000000005,Neutral,52,636.8477289999998,1"
"2024-08-02,782.3681909999999,145.520462,63,26.984126984126984,636.8477289999998,Greed,57,355.53659400000004,1"
"2024-08-03,464.1897,108.653106,37,2.7027027027027026,355.53659400000004,Fear,37,-123117.903118,0"
"2024-08-04,-122672.000883,445.902235,127,2.3622047244094486,-123117.903118,Fear,34,-13216.384327,0"
"2024-08-05,-13013.665169,202.719158,80,41.25,-13216.384327,Fear,26,204.69676899999996,1"
"2024-08-06,267.318048,62.621279,107,12.149532710280374,204.69676899999996,Extreme Fear,17,185.0370512,1"
"2024-08-07,188.789255,3.7522038,33,30.303030303030305,185.0370512,Fear,29,-47.360212,0"
"2024-08-08,-40.712216999999995,6.647995,9,0.0,-47.360212,Extreme Fear,20,17896.81689532,1"
"2024-08-09,18082.071276,185.25438068,144,29.86111111111111,17896.81689532,Neutral,48,-50.0831879,0"
"2024-08-10,0.0,50.0831879,88,0.0,-50.0831879,Fear,40,806.8453330000001,1"
"2024-08-11,847.7766200000001,40.931287,24,16.666666666666664,806.8453330000001,Fear,39,822.598605,1"
"2024-08-12,858.6705000000001,36.071895,48,12.5,822.598605,Fear,25,194.148143,1"
"2024-08-13,212.08102,17.932876999999998,23,34.78260869565217,194.148143,Fear,31,2122.4084070000004,1"
"2024-08-14,2168.9015130000003,46.493106,25,20.0,2122.4084070000004,Fear,30,-16.50261,0"
"2024-08-15,0.0,16.50261,12,0.0,-16.50261,Fear,29,744.042602,1"
"2024-08-16,825.230544,81.187942,35,8.571428571428571,744.042602,Fear,27,-305.379652,0"
"2024-08-17,-288.283113,17.096539,30,0.0,-305.379652,Fear,25,285.220331,1"
"2024-08-18,307.201888,21.981557000000002,15,80.0,285.220331,Fear,31,304.589325,1"
"2024-08-19,339.69958299999996,35.110258,8,62.5,304.589325,Fear,28,175.13267000000002,1"
"2024-08-20,192.602844,17.470174,12,8.333333333333332,175.13267000000002,Fear,30,619.454342,1"
"2024-08-21,656.200925,36.746583,145,37.24137931034483,619.454342,Fear,26,983.076928,1"
"2024-08-23,1005.30527,22.228341999999998,10,30.0,983.076928,Fear,34,-12.249882,0"
"2024-08-24,0.0,12.249882,7,0.0,-12.249882,Greed,56,-26.303603,0"
"2024-08-25,0.0,26.303603,17,0.0,-26.303603,Neutral,54,198.933986,1"
"2024-08-26,231.236918,32.302932,6,33.33333333333333,198.933986,Greed,55,-52.053552,0"
"2024-08-27,0.0,52.053552,50,0.0,-52.053552,Neutral,48,1308.453619,1"
"2024-08-28,1333.359645,24.906026,9,22.22222222222222,1308.453619,Fear,30,-3.498547,0"
"2024-08-29,0.0,3.498547,1,0.0,-3.498547,Fear,29,243.432824,1"
"2024-08-30,256.464,13.031175999999999,6,16.666666666666664,243.432824,Fear,34,-29.072513999999998,0"
"2024-08-31,10.882801,39.955315,34,35.294117647058826,-29.072513999999998,Fear,29,133.107232,1"
"2024-09-01,137.433093,4.325861,12,41.66666666666667,133.107232,Fear,26,-10.500148,0"
"2024-09-02,0.0,10.500148,2,0.0,-10.500148,Fear,26,1002.2149049999999,1"
"2024-09-04,1065.785132,63.570226999999996,34,14.705882352941178,1002.2149049999999,Fear,27,0.0,0"
"2024-09-05,0.0,0.0,1,0.0,0.0,Fear,29,-1118.523241,0"
"2024-09-06,-1104.856765,13.666476,42,0.0,-1118.523241,Extreme Fear,22,0.0,0"
"2024-09-08,0.0,0.0,1,0.0,0.0,Fear,29,-34.9079,0"
"2024-09-09,0.0,34.9079,2,0.0,-34.9079,Fear,26,-227.020059,0"
"2024-09-10,-219.729659,7.2904,3,0.0,-227.020059,Fear,33,0.0,0"
"2024-09-11,0.0,0.0,1,0.0,0.0,Fear,37,-30.381330000000002,0"
"2024-09-14,0.0,30.381330000000002,11,0.0,-30.381330000000002,Neutral,50,-910.417737,0"
"2024-09-18,-878.684794,31.732943,145,0.0,-910.417737,Neutral,45,-28.60766,0"
"2024-09-19,0.0,28.60766,19,0.0,-28.60766,Neutral,49,9475.717249,1"
"2024-09-20,9585.03428,109.317031,16,50.0,9475.717249,Neutral,54,36107.592488999995,1"
"2024-09-21,36165.56933,57.976841,23,100.0,36107.592488999995,Neutral,54,-6.999907,0"
"2024-09-22,0.0,6.999907,3,0.0,-6.999907,Neutral,52,320.643794,1"
"2024-09-23,334.760796,14.117002000000001,2,50.0,320.643794,Neutral,50,-12.966142,0"
"2024-09-24,0.0,12.966142,10,0.0,-12.966142,Neutral,54,-17.764677,0"
"2024-09-25,0.0,17.764677,9,0.0,-17.764677,Greed,59,408.464309,1"
"2024-09-26,439.812513,31.348204,8,25.0,408.464309,Neutral,50,-37.503311,0"
"2024-09-27,0.0,37.503311,56,0.0,-37.503311,Greed,61,-2.8031200000000003,0"
"2024-09-28,0.0,2.8031200000000003,4,0.0,-2.8031200000000003,Greed,64,2644.988712,1"
"2024-09-30,2710.626288,65.637576,106,4.716981132075472,2644.988712,Greed,61,-48.98401,0"
"2024-10-01,0.0,48.98401,4,0.0,-48.98401,Neutral,50,-34.984016999999994,0"
"2024-10-02,0.0,34.984016999999994,4,0.0,-34.984016999999994,Fear,42,53.848290999999996,1"
"2024-10-03,100.375782,46.527491000000005,9,33.33333333333333,53.848290999999996,Fear,37,0.0,0"
"2024-10-04,0.0,0.0,1,0.0,0.0,Fear,41,5555.200121,1"
"2024-10-05,5767.161892,211.961771,37,64.86486486486487,5555.200121,Neutral,49,25.441385999999994,1"
"2024-10-06,130.487079,105.045693,22,22.727272727272727,25.441385999999994,Neutral,50,-76.994616,0"
"2024-10-07,0.0,76.994616,21,0.0,-76.994616,Neutral,50,5244.442418,1"
"2024-10-08,5396.546638,152.10422,36,91.66666666666666,5244.442418,Neutral,49,318.922753,1"
"2024-10-09,396.06272,77.139967,14,21.428571428571427,318.922753,Neutral,49,-105.00851,0"
"2024-10-10,0.0,105.00851,16,0.0,-105.00851,Fear,39,8714.211283,1"
"2024-10-11,8885.327477,171.116194,26,69.23076923076923,8714.211283,Fear,32,485.655025,1"
"2024-10-12,541.55471,55.899685,10,70.0,485.655025,Neutral,49,-21.000841,0"
"2024-10-13,0.0,21.000841,10,0.0,-21.000841,Neutral,50,1891.9489760000001,1"
"2024-10-14,1913.61958,21.670604,5,100.0,1891.9489760000001,Neutral,48,1141.815403,1"
"2024-10-15,1170.2260760000001,28.410673,7,57.14285714285714,1141.815403,Greed,65,191.400672,1"
"2024-10-16,219.480876,28.080204000000002,11,27.27272727272727,191.400672,Greed,73,-13.071146999999996,0"
"2024-10-17,36.11496,49.186107,9,11.11111111111111,-13.071146999999996,Greed,71,291.103143,1"
"2024-10-18,333.219141,42.115998,6,83.33333333333334,291.103143,Greed,73,-34.998901000000004,0"
"2024-10-19,0.0,34.998901000000004,4,0.0,-34.998901000000004,Greed,72,329.898338,1"
"2024-10-20,389.155797,59.257459,96,11.458333333333332,329.898338,Greed,73,2355.0575209999997,1"
"2024-10-21,2464.915564,109.858043,173,39.30635838150289,2355.0575209999997,Greed,72,-21.000124,0"
"2024-10-22,0.0,21.000124,3,0.0,-21.000124,Greed,70,-119.992052,0"
"2024-10-23,-46.489941,73.502111,18,0.0,-119.992052,Greed,71,13092.020156999999,1"
"2024-10-25,13235.862071,143.841914,30,70.0,13092.020156999999,Greed,72,634.929768,1"
"2024-10-27,666.6623079999999,31.73254,4,75.0,634.929768,Greed,74,125.00682200000003,1"
"2024-10-28,167.28016200000002,42.27334,13,30.76923076923077,125.00682200000003,Greed,72,586.5271620000001,1"
"2024-10-29,801.170876,214.643714,53,5.660377358490567,586.5271620000001,Greed,72,5.5530349999999995,1"
"2024-10-30,9.150023,3.596988,25,28.000000000000004,5.5530349999999995,Extreme Greed,77,901.332883,1"
"2024-10-31,1214.043811,312.710928,48,70.83333333333334,901.332883,Extreme Greed,77,949.8208610000001,1"
"2024-11-01,1040.475736,90.654875,23,26.08695652173913,949.8208610000001,Extreme Greed,75,-13.999997,0"
"2024-11-02,0.0,13.999997,2,0.0,-13.999997,Greed,72,-40.404152,0"
"2024-11-03,0.0,40.404152,6,0.0,-40.404152,Greed,74,2641.276294,1"
"2024-11-04,2799.410474,158.13418000000001,36,63.888888888888886,2641.276294,Greed,70,608.2564040000001,1"
"2024-11-05,678.4759280000001,70.219524,10,50.0,608.2564040000001,Greed,70,2774.4698200000003,1"
"2024-11-06,2817.83723,43.36741,15,46.666666666666664,2774.4698200000003,Greed,70,4467.17469362,1"
"2024-11-07,4493.353136,26.17844238,113,53.09734513274337,4467.17469362,Extreme Greed,77,-158.29179800000006,0"
"2024-11-08,-64.41354100000007,93.87825699999999,39,15.384615384615385,-158.29179800000006,Extreme Greed,75,36.72443700000001,1"
"2024-11-09,102.90894,66.18450299999999,86,22.093023255813954,36.72443700000001,Extreme Greed,75,848.800788,1"
"2024-11-10,991.114334,142.313546,173,29.47976878612717,848.800788,Extreme Greed,78,6352.720446,1"
"2024-11-11,6749.630996,396.91055,373,24.664879356568363,6352.720446,Extreme Greed,76,3066.494541,1"
"2024-11-12,3494.399394,427.904853,171,19.883040935672515,3066.494541,Extreme Greed,80,7667.2182060000005,1"
"2024-11-13,7846.402274,179.184068,48,56.25,7667.2182060000005,Extreme Greed,84,4228.480423,1"
"2024-11-14,4563.509225,335.028802,110,25.454545454545453,4228.480423,Extreme Greed,88,3674.3129249999997,1"
"2024-11-15,4140.740438,466.427513,149,36.91275167785235,3674.3129249999997,Extreme Greed,80,2669.350606,1"
"2024-11-16,2769.521909,100.171303,157,30.573248407643312,2669.350606,Extreme Greed,86,611.8635959999999,1"
"2024-11-17,882.975285,271.111689,209,23.444976076555022,611.8635959999999,Extreme Greed,90,4025.710848,1"
"2024-11-18,4470.815187,445.104339,346,35.83815028901734,4025.710848,Extreme Greed,83,2756.782058,1"
"2024-11-19,2958.268991,201.486933,305,49.18032786885246,2756.782058,Extreme Greed,90,3566.0355279999994,1"
"2024-11-20,4210.0928969999995,644.057369,550,39.81818181818182,3566.0355279999994,Extreme Greed,83,1493.802624,1"
"2024-11-21,1692.430891,198.628267,535,30.8411214953271,1493.802624,Extreme Greed,82,-18541.784676,0"
"2024-11-22,-18105.345617,436.439059,679,30.78055964653903,-18541.784676,Extreme Greed,94,2746.909771,1"
"2024-11-23,2901.531638,154.621867,363,35.26170798898072,2746.909771,Extreme Greed,93,742.96726,1"
"2024-11-24,945.550386,202.583126,172,26.744186046511626,742.96726,Extreme Greed,80,5239.961033,1"
"2024-11-25,5523.740734,283.779701,255,41.17647058823529,5239.961033,Extreme Greed,82,783.5108810000002,1"
"2024-11-26,1094.809359,311.298478,302,29.13907284768212,783.5108810000002,Extreme Greed,79,-3094.210169,0"
"2024-11-27,-2654.495633,439.714536,213,34.74178403755869,-3094.210169,Extreme Greed,75,-127390.981594,0"
"2024-11-28,-127075.39958499999,315.582009,332,32.831325301204814,-127390.981594,Extreme Greed,77,176652.54241643,1"
"2024-11-29,176844.994152,192.45173557,393,48.854961832061065,176652.54241643,Extreme Greed,78,36764.3181805,1"
"2024-11-30,37316.69352,552.3753395,373,42.0911528150134,36764.3181805,Extreme Greed,84,40640.98074262,1"
"2024-12-01,40886.364494,245.38375138,416,53.125,40640.98074262,Extreme Greed,81,18341.71649941,1"
"2024-12-02,18489.604313,147.88781359,270,40.74074074074074,18341.71649941,Extreme Greed,80,23245.966193289998,1"
"2024-12-03,23576.539285,330.57309170999997,374,43.04812834224599,23245.966193289998,Extreme Greed,76,292719.20860335,1"
"2024-12-04,292891.815021,172.60641765,319,46.39498432601881,292719.20860335,Extreme Greed,78,71221.35276477001,1"
"2024-12-05,71574.11848800001,352.76572323,456,42.32456140350877,71221.35276477001,Extreme Greed,84,-93316.63768087,0"
"2024-12-06,-92624.643895,691.99378587,403,23.325062034739457,-93316.63768087,Greed,72,85797.8270291,1"
"2024-12-07,85906.279067,108.4520379,304,43.09210526315789,85797.8270291,Extreme Greed,75,15731.75455254,1"
"2024-12-08,15965.933436,234.17888346,420,36.19047619047619,15731.75455254,Extreme Greed,79,6136.19423957,1"
"2024-12-09,6310.967676,174.77343643,539,31.910946196660483,6136.19423957,Extreme Greed,78,38872.22954565,1"
"2024-12-10,39325.770231,453.54068535,1596,58.70927318295739,38872.22954565,Extreme Greed,78,318638.04498694005,1"
"2024-12-11,319051.554217,413.50923006,1221,71.25307125307125,318638.04498694005,Greed,74,598452.82955649,1"
"2024-12-12,599151.795008,698.96545151,1932,69.97929606625259,598452.82955649,Extreme Greed,83,31482.67436864,1"
"2024-12-13,31935.901745,453.22737636,1173,40.153452685421996,31482.67436864,Extreme Greed,76,167569.30779897,1"
"2024-12-14,167801.399244,232.09144503,1235,47.368421052631575,167569.30779897,Extreme Greed,83,97293.98470862,1"
"2024-12-15,97525.315279,231.33057037999998,1697,24.572775486152032,97293.98470862,Extreme Greed,80,166372.194077,1"
"2024-12-16,166774.344133,402.150056,1055,50.71090047393365,166372.194077,Extreme Greed,83,218845.16478602,1"
"2024-12-17,219591.305172,746.14038598,1941,43.63730036063885,218845.16478602,Extreme Greed,87,12991.54670279,1"
"2024-12-18,13682.994673,691.44797021,1429,36.59902029391183,12991.54670279,Extreme Greed,81,61687.77130692,1"
"2024-12-19,62744.004486000005,1056.23317908,3339,61.48547469302186,61687.77130692,Extreme Greed,75,253758.82173322001,1"
"2024-12-20,254969.660039,1210.83830578,2488,55.58681672025724,253758.82173322001,Greed,74,149341.77155987002,1"
"2024-12-21,150022.163157,680.39159713,1681,54.96728138013087,149341.77155987002,Greed,73,351864.10712847003,1"
"2024-12-22,352197.163973,333.05684453,774,43.54005167958656,351864.10712847003,Greed,73,-30631.52352357,0"
"2024-12-23,-29430.626577,1200.89694657,2347,29.01576480613549,-30631.52352357,Greed,70,14426.99767577,1"
"2024-12-24,14813.780116,386.78244023,338,33.72781065088758,14426.99767577,Greed,73,690.1382647799999,1"
"2024-12-25,756.6570469999998,66.51878221999999,208,30.288461538461537,690.1382647799999,Greed,73,59705.28072352,1"
"2024-12-26,60228.639722,523.35899848,697,51.36298421807748,59705.28072352,Extreme Greed,79,2584.2553884000004,1"
"2024-12-27,2672.811035,88.5556466,260,42.30769230769231,2584.2553884000004,Greed,74,892.2651303700001,1"
"2024-12-28,940.673623,48.40849263,161,22.981366459627328,892.2651303700001,Greed,72,2811.9505699,1"
"2024-12-29,2884.067927,72.1173571,201,31.8407960199005,2811.9505699,Greed,73,8724.83181652,1"
"2024-12-30,9009.738137,284.90632048,304,39.473684210526315,8724.83181652,Greed,65,5178.49639887,1"
"2024-12-31,5445.01281,266.51641113,306,30.065359477124183,5178.49639887,Greed,64,-9559.669727210001,0"
"2025-01-01,-9528.065345,31.60438221,96,30.208333333333332,-9559.669727210001,Greed,66,8540.379393770001,1"
"2025-01-02,8716.519087,176.13969323,361,45.70637119113574,8540.379393770001,Greed,70,5817.48895619,1"
"2025-01-03,6028.486793,210.99783681,508,27.165354330708663,5817.48895619,Greed,74,2319.825997,1"
"2025-01-04,2553.537968,233.711971,371,20.21563342318059,2319.825997,Greed,73,3048.37775203,1"
"2025-01-05,3187.719363,139.34161097,239,41.84100418410041,3048.37775203,Greed,72,5889.254304749999,1"
"2025-01-06,6064.185393,174.93108825,573,15.532286212914483,5889.254304749999,Extreme Greed,76,15794.84107837,1"
"2025-01-07,16098.227531,303.38645263,637,76.138147566719,15794.84107837,Extreme Greed,78,129420.17764362,1"
"2025-01-08,130117.090554,696.91291038,1039,37.15110683349375,129420.17764362,Greed,70,46700.41512257,1"
"2025-01-09,46975.928902,275.51377943,522,27.77777777777778,46700.41512257,Greed,69,-12211.05472705,0"
"2025-01-10,-10116.875552,2094.17917505,819,52.74725274725275,-12211.05472705,Neutral,50,1774.43255865,1"
"2025-01-11,2269.080536,494.64797735,283,24.381625441696116,1774.43255865,Greed,69,5130.1590503,1"
"2025-01-12,5742.241803,612.0827527,602,78.40531561461795,5130.1590503,Greed,62,8792.32922722,1"
"2025-01-13,9655.429352,863.10012478,408,38.72549019607843,8792.32922722,Greed,61,15828.921305520002,1"
"2025-01-14,16069.512355,240.59104948,275,49.81818181818182,15828.921305520002,Greed,63,14305.979305179999,1"
"2025-01-15,14819.5883,513.60899482,267,46.06741573033708,14305.979305179999,Greed,70,19917.140160040002,1"
"2025-01-16,20807.709328,890.56916796,371,34.23180592991914,19917.140160040002,Extreme Greed,75,6655.000959110001,1"
"2025-01-17,7006.415608,351.41464889,238,52.94117647058824,6655.000959110001,Extreme Greed,75,-372.70111946000026,0"
"2025-01-18,443.2330819999997,815.9342014599999,651,38.095238095238095,-372.70111946000026,Extreme Greed,77,85761.44366229,1"
"2025-01-19,87923.799302,2162.35563971,1567,20.229738353541798,85761.44366229,Extreme Greed,77,85069.57935334,1"
"2025-01-20,87277.239173,2207.65981966,1315,52.243346007604565,85069.57935334,Extreme Greed,76,10679.535155700001,1"
"2025-01-21,11077.839421,398.3042653,530,38.67924528301887,10679.535155700001,Extreme Greed,76,20053.23791724,1"
"2025-01-22,20524.408057,471.17013976,832,28.125,20053.23791724,Extreme Greed,84,100167.89229032,1"
"2025-01-23,101256.24216,1088.34986968,1218,66.0919540229885,100167.89229032,Extreme Greed,75,10264.136136899999,1"
"2025-01-24,10602.779738,338.6436011,874,55.83524027459954,10264.136136899999,Extreme Greed,75,-10666.950018059999,0"
"2025-01-25,-10348.016255999999,318.93376206,506,27.865612648221344,-10666.950018059999,Extreme Greed,75,40441.20851377,1"
"2025-01-26,40823.466668,382.25815423,451,43.45898004434589,40441.20851377,Greed,73,40925.50622457,1"
"2025-01-27,41331.765392,406.25916743,773,47.60672703751617,40925.50622457,Greed,71,17854.90368837,1"
"2025-01-28,17979.613973,124.71028463,498,62.85140562248996,17854.90368837,Greed,72,22808.490324910003,1"
"2025-01-29,23421.01147,612.52114509,910,41.64835164835165,22808.490324910003,Greed,72,22222.82026927,1"
"2025-01-30,23097.471385,874.65111573,1067,34.67666354264292,22222.82026927,Greed,70,35197.35872149,1"
"2025-01-31,35868.296773,670.93805151,1016,54.13385826771654,35197.35872149,Extreme Greed,76,32014.72763511,1"
"2025-02-01,32300.205017,285.47738189,634,59.62145110410094,32014.72763511,Greed,68,161670.63753379,1"
"2025-02-02,162854.759623,1184.12208921,1319,35.860500379075056,161670.63753379,Greed,60,345879.76064494,1"
"2025-02-03,348871.326269,2991.56562406,2380,46.34453781512605,345879.76064494,Fear,44,413023.10955606,1"
"2025-02-04,416876.88812,3853.77856394,2512,27.667197452229296,413023.10955606,Greed,72,55370.48594533,1"
"2025-02-05,56706.235562,1335.74961667,1297,32.15111796453354,55370.48594533,Neutral,54,33094.66937439,1"
"2025-02-06,33803.799733,709.13035861,1703,46.095126247798,33094.66937439,Neutral,49,21711.91285266,1"
"2025-02-07,22450.002091,738.0892383400001,1524,28.21522309711286,21711.91285266,Fear,44,476.72696682000003,1"
"2025-02-08,586.703253,109.97628618,575,19.130434782608695,476.72696682000003,Fear,44,150124.46766703998,1"
"2025-02-09,150551.829492,427.36182496,764,43.06282722513089,150124.46766703998,Neutral,46,63417.1323079,1"
"2025-02-10,63908.49465,491.3623421,889,47.80652418447694,63417.1323079,Fear,43,-6570.2149448499995,0"
"2025-02-11,-6093.784817,476.43012785,848,21.816037735849054,-6570.2149448499995,Neutral,47,18749.48000086,1"
"2025-02-12,19848.635032,1099.15503114,1031,46.26576139670223,18749.48000086,Neutral,46,27006.04675398,1"
"2025-02-13,27829.534238,823.48748402,1370,46.78832116788321,27006.04675398,Neutral,50,212899.09759225,1"
"2025-02-14,213860.675308,961.57771575,1655,42.90030211480362,212899.09759225,Neutral,48,44668.83969198,1"
"2025-02-15,45042.92701,374.08731802,932,43.02575107296137,44668.83969198,Neutral,50,2197.9064197199996,1"
"2025-02-16,2369.478425,171.57200528,681,44.052863436123346,2197.9064197199996,Neutral,54,1565.08653936,1"
"2025-02-17,1818.573295,253.48675564,941,22.422954303931988,1565.08653936,Neutral,51,90595.13300009,1"
"2025-02-18,91204.672403,609.53940291,1676,51.19331742243437,90595.13300009,Neutral,47,14297.3072515,1"
"2025-02-19,14985.794701,688.4874495,1361,42.76267450404115,14297.3072515,Fear,44,44776.33007725,1"
"2025-02-20,46008.794102,1232.46402475,2012,47.912524850894634,44776.33007725,Neutral,49,118863.77563623,1"
"2025-02-21,119693.49395,829.71831377,1873,52.215696743192744,118863.77563623,Greed,55,24398.53954403,1"
"2025-02-22,25278.704178,880.16463397,686,49.70845481049563,24398.53954403,Neutral,49,10426.931531830001,1"
"2025-02-23,10656.934251,230.00271917,520,45.0,10426.931531830001,Neutral,50,36372.21180876,1"
"2025-02-24,38470.176242,2097.96443324,5616,39.67236467236467,36372.21180876,Neutral,49,201575.56196969,1"
"2025-02-25,204762.177034,3186.61506431,6246,26.064681396093498,201575.56196969,Fear,25,62474.89058233,1"
"2025-02-26,63229.063129,754.17254667,1176,67.09183673469387,62474.89058233,Extreme Fear,21,-37037.31349031,0"
"2025-02-27,-36525.167517,512.14597331,890,27.752808988764045,-37037.31349031,Extreme Fear,10,224749.71048404,1"
"2025-02-28,225628.108748,878.39826396,1019,38.86162904808636,224749.71048404,Extreme Fear,16,10559.045422610001,1"
"2025-03-01,10596.108968,37.06354539,174,44.827586206896555,10559.045422610001,Extreme Fear,20,64982.62376599,1"
"2025-03-02,66914.320708,1931.69694201,532,50.18796992481202,64982.62376599,Fear,26,615372.46819058,1"
"2025-03-03,616413.032233,1040.56404242,1482,61.53846153846154,615372.46819058,Fear,33,179855.23009972,1"
"2025-03-04,182075.566585,2220.33648528,2402,25.353871773522062,179855.23009972,Extreme Fear,15,267007.04440615,1"
"2025-03-05,269328.365917,2321.32151085,1660,75.8433734939759,267007.04440615,Extreme Fear,20,14794.50839774,1"
"2025-03-06,16101.125561,1306.61716326,760,48.026315789473685,14794.50839774,Fear,25,145319.56058013,1"
"2025-03-07,150236.061627,4916.50104687,2552,52.23354231974922,145319.56058013,Fear,34,24492.433586,1"
"2025-03-08,24700.773359,208.339773,529,56.89981096408317,24492.433586,Fear,28,17396.3934682,1"
"2025-03-09,19773.457395,2377.0639268,1422,44.09282700421941,17396.3934682,Fear,27,-13498.399741229998,0"
"2025-03-10,-10010.027269999999,3488.37247123,2911,39.74579182411542,-13498.399741229998,Extreme Fear,20,-79321.80927804,0"
"2025-03-11,-76880.729036,2441.08024204,3286,18.746195982958003,-79321.80927804,Extreme Fear,24,284447.57064303,1"
"2025-03-12,288105.984215,3658.41357197,3968,56.451612903225815,284447.57064303,Fear,34,13305.68416583,1"
"2025-03-13,14114.870873,809.18670717,962,45.73804573804574,13305.68416583,Neutral,45,67452.67301407999,1"
"2025-03-14,68646.160089,1193.48707492,2210,85.38461538461539,67452.67301407999,Fear,27,78120.291684,1"
"2025-03-15,78694.624572,574.332888,261,59.38697318007663,78120.291684,Neutral,46,-10353.426547179999,0"
"2025-03-16,-7910.943544999999,2442.48300218,530,23.20754716981132,-10353.426547179999,Fear,30,25356.166505020003,1"
"2025-03-17,26163.906513,807.74000798,920,45.326086956521735,25356.166505020003,Fear,32,71464.85269300001,1"
"2025-03-18,72322.788824,857.936131,834,22.54196642685851,71464.85269300001,Fear,34,28590.1922699816,1"
"2025-03-19,29374.682341,784.4900710184,1612,41.62531017369727,28590.1922699816,Fear,32,9917.62399,1"
"2025-03-20,10246.859436,329.235446,771,40.856031128404666,9917.62399,Neutral,49,6317.8096911699995,1"
"2025-03-21,6951.270374,633.46068283,698,50.0,6317.8096911699995,Fear,31,12229.70045203,1"
"2025-03-22,12498.535254,268.83480197,535,47.47663551401869,12229.70045203,Fear,32,13450.20557097,1"
"2025-03-23,14047.421585,597.21601403,447,32.662192393736014,13450.20557097,Fear,30,107347.85594963,1"
"2025-03-24,107878.961301,531.10535137,1027,61.53846153846154,107347.85594963,Neutral,45,30629.55279423,1"
"2025-03-25,32030.90678,1401.35398577,791,36.15676359039191,30629.55279423,Neutral,46,14005.36391091,1"
"2025-03-26,15802.167427,1796.80351609,3102,27.111540941328176,14005.36391091,Neutral,47,58111.3351017,1"
"2025-03-27,58825.359221,714.0241193,785,33.37579617834395,58111.3351017,Fear,40,20947.89593995,1"
"2025-03-28,21337.179335,389.28339505,728,31.73076923076923,20947.89593995,Fear,44,11259.02841638,1"
"2025-03-29,12098.872931,839.84451462,1894,35.58606124604013,11259.02841638,Fear,26,15036.04338673,1"
"2025-03-30,15795.11514,759.07175327,568,16.549295774647888,15036.04338673,Fear,32,6496.18292589,1"
"2025-03-31,6978.184557,482.00163111,495,52.323232323232325,6496.18292589,Fear,34,-2365.5982368200002,0"
"2025-04-01,-2202.6622420000003,162.93599482,192,45.83333333333333,-2365.5982368200002,Fear,34,201031.5179001,1"
"2025-04-02,202212.740938,1181.2230379,1076,89.49814126394052,201031.5179001,Fear,44,-3703.0801287,0"
"2025-04-03,-2365.961276,1337.1188527,1748,29.74828375286041,-3703.0801287,Fear,25,-26351.742359360996,0"
"2025-04-04,-25515.678949999998,836.063409361,1272,38.757861635220124,-26351.742359360996,Fear,28,35625.277366,1"
"2025-04-05,35907.33771,282.060344,360,58.05555555555556,35625.277366,Fear,30,46435.0133593665,1"
"2025-04-06,47053.449272,618.4359126335,1048,31.679389312977097,46435.0133593665,Fear,34,31760.815203597096,1"
"2025-04-07,34527.370305,2766.5551014029,2814,23.916133617626155,31760.815203597096,Extreme Fear,23,32624.41710694,1"
"2025-04-08,34899.394798,2274.97769106,943,40.93319194061506,32624.41710694,Extreme Fear,24,37009.170438805995,1"
"2025-04-09,43120.444797,6111.274358194,3967,43.055205444920595,37009.170438805995,Extreme Fear,18,151393.265760218,1"
"2025-04-10,158261.822261,6868.556500782,2127,52.89139633286318,151393.265760218,Fear,39,124232.0400029099,1"
"2025-04-11,126406.479081,2174.4390780901,1096,33.57664233576642,124232.0400029099,Fear,25,398902.098158543,1"
"2025-04-12,410419.694533,11517.596374457,2109,27.216690374585113,398902.098158543,Fear,43,46127.6853007351,1"
"2025-04-13,48696.021521,2568.3362202649,1321,36.18470855412566,46127.6853007351,Neutral,45,43657.285344432996,1"
"2025-04-14,45680.443063,2023.157718567,890,42.247191011235955,43657.285344432996,Fear,31,70490.80152261,1"
"2025-04-15,72357.706282,1866.90475939,1131,57.20601237842617,70490.80152261,Fear,38,52634.112351710006,1"
"2025-04-16,58631.730257,5997.61790529,1608,34.017412935323385,52634.112351710006,Fear,29,4908.71114908,1"
"2025-04-17,5427.919886,519.20873692,1031,30.358874878758485,4908.71114908,Fear,30,213.07681222999963,1"
"2025-04-18,4880.4047439999995,4667.32793177,1894,51.26715945089757,213.07681222999963,Fear,33,65469.951162310004,1"
"2025-04-19,71950.577495,6480.62633269,2786,29.21751615218952,65469.951162310004,Fear,32,23173.0123278942,1"
"2025-04-20,25060.341936,1887.3296081058,1982,39.858728557013116,23173.0123278942,Fear,37,28013.176843119996,1"
"2025-04-21,34369.267906999994,6356.09106388,1718,39.40628637951106,28013.176843119996,Fear,39,52903.077827,1"
"2025-04-22,58652.763578,5749.685751,2998,29.619746497665112,52903.077827,Neutral,47,-426362.30657288,0"
"2025-04-23,-419020.225731,7342.08084188,6159,32.4728040266277,-426362.30657288,Greed,72,43337.8956450647,1"
"2025-04-24,50704.395965,7366.5003199353005,2232,41.35304659498208,43337.8956450647,Greed,63,13919.765951261801,1"
"2025-04-25,20218.859206,6299.0932547382,1653,38.59649122807017,13919.765951261801,Greed,60,-6778.06069552,0"
"2025-04-26,-4125.753942,2652.30675352,1131,17.24137931034483,-6778.06069552,Greed,65,2646.1406953438,1"
"2025-04-27,2702.067468,55.9267726562,337,35.60830860534125,2646.1406953438,Greed,61,30899.562355469898,1"
"2025-04-28,36906.813759,6007.2514035301,1379,41.69688179840464,30899.562355469898,Neutral,54,120600.3181398469,1"
"2025-04-29,125749.613427,5149.2952871531,2243,43.20106999554169,120600.3181398469,Greed,60,11053.6134961245,1"
"2025-04-30,14003.797269,2950.1837728755,1113,26.504941599281224,11053.6134961245,Greed,56,51884.21561903421,1"
"2025-05-01,54536.829297000004,2652.6136779658,1230,43.08943089430895,51884.21561903421,Neutral,53,,0"
